{
    "dataset": "churn",
    "problem_type": "classification",
    "architecture": "architecture1",
    "time_limit_seconds": 3600,
    "training_time_seconds": 5.245595216751099,
    "test_metrics": {
        "accuracy": 0.7345635202271115,
        "f1_score": 0.6221548636948121
    },
    "param_count": 10409,
    "model_path": "models/neural/churn/architecture1.keras",
    "timestamp": "2025-12-26 05:51:28",
    "training_history": {
        "loss": [
            0.7987763285636902,
            0.5944682955741882,
            0.58567214012146,
            0.5846800804138184,
            0.585442841053009,
            0.5855790376663208,
            0.5850213170051575
        ],
        "val_loss": [
            0.5778274536132812,
            0.5756417512893677,
            0.5751172304153442,
            0.5749213099479675,
            0.5759637355804443,
            0.5765738487243652,
            0.5757372379302979
        ],
        "accuracy": [
            0.7273130416870117,
            0.7337474822998047,
            0.7337474822998047,
            0.7337474822998047,
            0.7337474822998047,
            0.7337474822998047,
            0.7337474822998047
        ],
        "val_accuracy": [
            0.7382431030273438,
            0.7382431030273438,
            0.7382431030273438,
            0.7382431030273438,
            0.7382431030273438,
            0.7382431030273438,
            0.7382431030273438
        ],
        "final_val_loss": 0.5757372379302979,
        "best_val_loss": 0.5749213099479675,
        "overfitting_degree": 1.0161255490581689
    }
}