{
    "dataset": "churn",
    "problem_type": "classification",
    "architecture": "architecture2",
    "time_limit_seconds": 3600,
    "training_time_seconds": 13.313737630844116,
    "test_metrics": {
        "accuracy": 0.7672107877927609,
        "f1_score": 0.7354701634616467
    },
    "param_count": 75745,
    "model_path": "models/neural/churn/architecture2.keras",
    "timestamp": "2025-12-26 05:51:42",
    "training_history": {
        "loss": [
            0.6285912394523621,
            0.6030662059783936,
            0.6007941961288452,
            0.5927209854125977,
            0.5893752574920654,
            0.5864917635917664,
            0.5777785778045654,
            0.5651624798774719,
            0.5582476258277893,
            0.5577172636985779,
            0.5527632236480713,
            0.5533559918403625,
            0.5559683442115784,
            0.5515140891075134
        ],
        "val_loss": [
            0.5732457637786865,
            0.5721847414970398,
            0.5720663666725159,
            0.5707235932350159,
            0.5687292814254761,
            0.5627723336219788,
            0.5497116446495056,
            0.5481590032577515,
            0.546866774559021,
            0.5467509627342224,
            0.5508185029029846,
            0.5490599870681763,
            0.548919141292572,
            0.5470501184463501
        ],
        "accuracy": [
            0.6791657209396362,
            0.7131129503250122,
            0.7286443114280701,
            0.7319725155830383,
            0.7319725155830383,
            0.7344131469726562,
            0.7326381206512451,
            0.7401819229125977,
            0.7435100674629211,
            0.7439538240432739,
            0.7510539293289185,
            0.7461726069450378,
            0.7486132979393005,
            0.7499445080757141
        ],
        "val_accuracy": [
            0.7382431030273438,
            0.7382431030273438,
            0.7382431030273438,
            0.7382431030273438,
            0.7382431030273438,
            0.7382431030273438,
            0.7382431030273438,
            0.7515528202056885,
            0.7515528202056885,
            0.7515528202056885,
            0.7506654858589172,
            0.7480035424232483,
            0.749778151512146,
            0.7506654858589172
        ],
        "final_val_loss": 0.5470501184463501,
        "best_val_loss": 0.5467509627342224,
        "overfitting_degree": 1.0081600762172234
    }
}