{
    "dataset": "housing",
    "problem_type": "regression",
    "architecture": "architecture2",
    "time_limit_seconds": 3600,
    "training_time_seconds": 52.94491171836853,
    "test_metrics": {
        "mse": 0.29585366234379523,
        "rmse": 0.5439243167424997,
        "r2_score": 0.6981929029285189
    },
    "param_count": 75105,
    "model_path": "models/neural/housing/architecture2.keras",
    "timestamp": "2025-12-26 05:51:23",
    "training_history": {
        "loss": [
            1.1373627185821533,
            0.6881923675537109,
            0.5363406538963318,
            0.48546016216278076,
            0.46302708983421326,
            0.4361506402492523,
            0.42545410990715027,
            0.41953569650650024,
            0.3994863033294678,
            0.3935543894767761,
            0.3925219774246216,
            0.3812962770462036,
            0.37172356247901917,
            0.3727506995201111,
            0.36225149035453796,
            0.3647189140319824,
            0.3639802634716034,
            0.35748952627182007,
            0.35464075207710266,
            0.35217565298080444,
            0.3465878665447235,
            0.3430594503879547
        ],
        "val_loss": [
            0.9650455117225647,
            0.4654068946838379,
            0.41610240936279297,
            0.37094202637672424,
            0.3573898375034332,
            0.3398810625076294,
            0.32723572850227356,
            0.3231491148471832,
            0.3222855031490326,
            0.3149292767047882,
            0.3200303018093109,
            0.3215949237346649,
            0.32728296518325806,
            0.30949854850769043,
            0.3044467270374298,
            0.3124682605266571,
            0.29717230796813965,
            0.3130511939525604,
            0.3067854940891266,
            0.30866923928260803,
            0.2995644211769104,
            0.29890114068984985
        ],
        "accuracy": [],
        "val_accuracy": [],
        "final_val_loss": 0.29890114068984985,
        "best_val_loss": 0.29717230796813965,
        "overfitting_degree": 1.1477355007618557
    }
}